<?xml version="1.0" encoding="UTF-8"?>
<TrackingData>
    <Sensors>
        <Sensor Type="FeatureBasedSensorSource" Subtype="FAST">
            <SensorID>FeatureBasedSensorSource_0</SensorID>
            <Parameters>
                <MaxObjectsToDetectPerFrame>5</MaxObjectsToDetectPerFrame>
                <MaxObjectsToTrackInParallel>2</MaxObjectsToTrackInParallel>
            </Parameters>
            <SensorCOS>
                <SensorCosID>3d0dbc44b677ab11c258d59bc6f99efd</SensorCosID>
                <Parameters>
                    <SimilarityThreshold>0.7</SimilarityThreshold>
                    <ReferenceImage WidthMM="236" HeightMM="383">3d0dbc44b677ab11c258d59bc6f99efd.jpg</ReferenceImage>
                </Parameters>
            </SensorCOS>
            <SensorCOS>
                <SensorCosID>b3b077cd0a09060dcd4fb1e14aa42246</SensorCosID>
                <Parameters>
                    <SimilarityThreshold>0.7</SimilarityThreshold>
                    <ReferenceImage WidthMM="394" HeightMM="394">b3b077cd0a09060dcd4fb1e14aa42246.jpg</ReferenceImage>
                </Parameters>
            </SensorCOS>
        </Sensor>
    </Sensors>
    <Connections>
        <COS>
            <Name>スクリーンショット 2014-10-31 14.36.54_1</Name>
            <Fuser Type="SmoothingFuser">
                <Parameters>
                    <AlphaRotation>0.8</AlphaRotation>
                    <AlphaTranslation>1.0</AlphaTranslation>
                    <GammaRotation>0.8</GammaRotation>
                    <GammaTranslation>1.0</GammaTranslation>
                    <KeepPoseForNumberOfFrames>0</KeepPoseForNumberOfFrames>
                </Parameters>
            </Fuser>
            <SensorSource>
                <SensorID>FeatureBasedSensorSource_0</SensorID>
                <SensorCosID>3d0dbc44b677ab11c258d59bc6f99efd</SensorCosID>
                <HandEyeCalibration>
                    <TranslationOffset>
                        <x>0.0</x>
                        <y>0.0</y>
                        <z>0.0</z>
                    </TranslationOffset>
                    <RotationOffset>
                        <x>0.0</x>
                        <y>0.0</y>
                        <z>0.0</z>
                        <w>1.0</w>
                    </RotationOffset>
                </HandEyeCalibration>
                <COSOffset>
                    <TranslationOffset>
                        <x>0.5</x>
                        <y>1.5</y>
                        <z>0.0</z>
                    </TranslationOffset>
                    <RotationOffset>
                        <x>0.0</x>
                        <y>0.0</y>
                        <z>0.0</z>
                        <w>1.0</w>
                    </RotationOffset>
                </COSOffset>
            </SensorSource>
        </COS>
        <COS>
            <Name>image.png.bytes_2</Name>
            <Fuser Type="SmoothingFuser">
                <Parameters>
                    <AlphaRotation>0.8</AlphaRotation>
                    <AlphaTranslation>1.0</AlphaTranslation>
                    <GammaRotation>0.8</GammaRotation>
                    <GammaTranslation>1.0</GammaTranslation>
                    <KeepPoseForNumberOfFrames>0</KeepPoseForNumberOfFrames>
                </Parameters>
            </Fuser>
            <SensorSource>
                <SensorID>FeatureBasedSensorSource_0</SensorID>
                <SensorCosID>b3b077cd0a09060dcd4fb1e14aa42246</SensorCosID>
                <HandEyeCalibration>
                    <TranslationOffset>
                        <x>0.0</x>
                        <y>0.0</y>
                        <z>0.0</z>
                    </TranslationOffset>
                    <RotationOffset>
                        <x>0.0</x>
                        <y>0.0</y>
                        <z>0.0</z>
                        <w>1.0</w>
                    </RotationOffset>
                </HandEyeCalibration>
                <COSOffset>
                    <TranslationOffset>
                        <x>1.0</x>
                        <y>4.0</y>
                        <z>0.0</z>
                    </TranslationOffset>
                    <RotationOffset>
                        <x>0.0</x>
                        <y>0.0</y>
                        <z>0.0</z>
                        <w>1.0</w>
                    </RotationOffset>
                </COSOffset>
            </SensorSource>
        </COS>
    </Connections>
</TrackingData>
